Country,ISO3,Country of Origin,ISO3 of Origin,Population type,Source,Date,Individuals
Angola,AGO,Chad,TCD,Asylum-Seekers,"UNHCR, Government",2024-06-30,968
Angola,AGO,Chad,TCD,Asylum-Seekers,"UNHCR, Government",2024-07-31,968
Angola,AGO,Chad,TCD,Asylum-Seekers,"UNHCR, Government",2024-08-31,968
Angola,AGO,Côte d'Ivoire,CIV,Asylum-Seekers,"UNHCR, Government",2024-06-30,6357
Angola,AGO,Côte d'Ivoire,CIV,Asylum-Seekers,"UNHCR, Government",2024-07-31,6357
Angola,AGO,Côte d'Ivoire,CIV,Asylum-Seekers,"UNHCR, Government",2024-08-31,6357
Angola,AGO,Dem. Rep. of the Congo,COD,Asylum-Seekers,"UNHCR, Government",2024-06-30,22960
Angola,AGO,Dem. Rep. of the Congo,COD,Asylum-Seekers,"UNHCR, Government",2024-07-31,22971
Angola,AGO,Dem. Rep. of the Congo,COD,Asylum-Seekers,"UNHCR, Government",2024-08-31,22992
Angola,AGO,Eritrea,ERI,Asylum-Seekers,"UNHCR, Government",2024-06-30,1874
Angola,AGO,Eritrea,ERI,Asylum-Seekers,"UNHCR, Government",2024-07-31,1874
Angola,AGO,Eritrea,ERI,Asylum-Seekers,"UNHCR, Government",2024-08-31,1874
Angola,AGO,Guinea,GIN,Refugees,"UNHCR, Government",2024-06-30,9272
Angola,AGO,Guinea,GIN,Asylum-Seekers,"UNHCR, Government",2024-06-30,9272
Angola,AGO,Guinea,GIN,Refugees,"UNHCR, Government",2024-07-31,9272
Angola,AGO,Guinea,GIN,Asylum-Seekers,"UNHCR, Government",2024-07-31,9272
Angola,AGO,Guinea,GIN,Refugees,"UNHCR, Government",2024-08-31,9272
Angola,AGO,Guinea,GIN,Asylum-Seekers,"UNHCR, Government",2024-08-31,9272
Angola,AGO,Liberia,LBR,Asylum-Seekers,"UNHCR, Government",2024-06-30,639
Angola,AGO,Liberia,LBR,Asylum-Seekers,"UNHCR, Government",2024-07-31,639
Angola,AGO,Liberia,LBR,Asylum-Seekers,"UNHCR, Government",2024-08-31,639
Angola,AGO,Mauritania,MRT,Asylum-Seekers,"UNHCR, Government",2024-06-30,5725
Angola,AGO,Mauritania,MRT,Asylum-Seekers,"UNHCR, Government",2024-07-31,5722
Angola,AGO,Mauritania,MRT,Asylum-Seekers,"UNHCR, Government",2024-08-31,5722
Angola,AGO,Others,,Asylum-Seekers,"UNHCR, Government",2024-06-30,1323
Angola,AGO,Others,,Asylum-Seekers,"UNHCR, Government",2024-07-31,1323
Angola,AGO,Others,,Asylum-Seekers,"UNHCR, Government",2024-08-31,1323
Angola,AGO,Rwanda,RWA,Refugees,"UNHCR, Government",2024-06-30,628
Angola,AGO,Rwanda,RWA,Refugees,"UNHCR, Government",2024-07-31,628
Angola,AGO,Rwanda,RWA,Refugees,"UNHCR, Government",2024-08-31,628
Angola,AGO,Sierra Leone,SLE,Refugees,"UNHCR, Government",2024-06-30,1910
Angola,AGO,Sierra Leone,SLE,Asylum-Seekers,"UNHCR, Government",2024-06-30,1910
Angola,AGO,Sierra Leone,SLE,Refugees,"UNHCR, Government",2024-07-31,1910
Angola,AGO,Sierra Leone,SLE,Asylum-Seekers,"UNHCR, Government",2024-07-31,1910
Angola,AGO,Sierra Leone,SLE,Refugees,"UNHCR, Government",2024-08-31,1910
Angola,AGO,Somalia,SOM,Refugees,"UNHCR, Government",2024-06-30,2002
Angola,AGO,Somalia,SOM,Refugees,"UNHCR, Government",2024-07-31,2002
Angola,AGO,Somalia,SOM,Refugees,"UNHCR, Government",2024-08-31,2002
Angola,AGO,Sudan,SDN,Asylum-Seekers,"UNHCR, Government",2024-06-30,1949
Angola,AGO,Sudan,SDN,Asylum-Seekers,"UNHCR, Government",2024-07-31,1949
Angola,AGO,Sudan,SDN,Asylum-Seekers,"UNHCR, Government",2024-08-31,1949
Burundi,BDI,Dem. Rep. of the Congo,COD,Refugees,"UNHCR, Government",2024-03-31,87580
Burundi,BDI,Dem. Rep. of the Congo,COD,Asylum-Seekers,"UNHCR, Government",2024-03-31,87580
Burundi,BDI,Dem. Rep. of the Congo,COD,Asylum-Seekers,"UNHCR, Government",2024-07-31,88931
Burundi,BDI,Dem. Rep. of the Congo,COD,Asylum-Seekers,"UNHCR, Government",2024-07-31,88933
Burundi,BDI,Others,,Asylum-Seekers,"UNHCR, Government",2023-11-30,0
Burundi,BDI,Others,,Asylum-Seekers,"UNHCR, Government",2024-02-29,2
Burundi,BDI,Rwanda,RWA,Refugees,"UNHCR, Government",2024-03-31,961
Burundi,BDI,Rwanda,RWA,Refugees,"UNHCR, Government",2024-07-31,960
Burundi,BDI,Uganda,UGA,Refugees,"UNHCR, Government",2024-03-31,17
Burundi,BDI,Uganda,UGA,Asylum-Seekers,"UNHCR, Government",2024-07-31,17
Burundi,BDI,Various,,Refugees,"UNHCR, Government",2024-03-31,41
Burundi,BDI,Various,,Refugees,"UNHCR, Government",2024-07-31,42
Benin,BEN,Burkina Faso,BFA,Refugees,"UNHCR, Government",2024-05-31,5396
Benin,BEN,Burkina Faso,BFA,Refugees,"UNHCR, Government",2024-06-30,5396
Benin,BEN,Burkina Faso,BFA,Refugees,"UNHCR, Government",2024-08-15,8605
Benin,BEN,Burkina Faso,BFA,Refugees,"UNHCR, Government",2024-08-15,8635
Benin,BEN,Burkina Faso,BFA,Refugees,"UNHCR, Government",2024-08-31,8711
Benin,BEN,Central African Rep.,CAF,Refugees,"UNHCR, Government",2024-05-31,1228
Benin,BEN,Central African Rep.,CAF,Refugees,"UNHCR, Government",2024-06-30,1228
Benin,BEN,Central African Rep.,CAF,Refugees,"UNHCR, Government",2024-08-15,1228
Benin,BEN,Central African Rep.,CAF,Refugees,"UNHCR, Government",2024-08-15,1258
Benin,BEN,Central African Rep.,CAF,Refugees,"UNHCR, Government",2024-08-31,1229
Benin,BEN,Côte d'Ivoire,CIV,Refugees,"UNHCR, Government",2023-02-28,0
Benin,BEN,Côte d'Ivoire,CIV,Refugees,"UNHCR, Government",2024-08-15,0
Benin,BEN,Togo,TGO,Refugees,"UNHCR, Government",2024-05-31,4716
Benin,BEN,Togo,TGO,Refugees,"UNHCR, Government",2024-06-30,4716
Benin,BEN,Togo,TGO,Refugees,"UNHCR, Government",2024-08-15,4717
Benin,BEN,Togo,TGO,Refugees,"UNHCR, Government",2024-08-15,4716
Benin,BEN,Togo,TGO,Refugees,"UNHCR, Government",2024-08-31,4717
Benin,BEN,Various,,Asylum-Seekers,"UNHCR, Government",2024-05-31,8373
Benin,BEN,Various,,Asylum-Seekers,"UNHCR, Government",2024-06-30,4714
Benin,BEN,Various,,Refugees,"UNHCR, Government",2024-08-15,2522
Benin,BEN,Various,,Refugees,"UNHCR, Government",2024-08-15,2515
Benin,BEN,Various,,Refugees,"UNHCR, Government",2024-08-31,2485
Burkina Faso,BFA,Burundi,BDI,Refugees,"UNHCR, Government",2024-04-30,25
Burkina Faso,BFA,Burundi,BDI,Refugees,"UNHCR, Government",2024-06-30,25
Burkina Faso,BFA,Burundi,BDI,Refugees,"UNHCR, Government",2024-07-31,25
Burkina Faso,BFA,Burundi,BDI,Refugees,"UNHCR, Government",2024-08-31,25
Burkina Faso,BFA,Central African Rep.,CAF,Refugees,"UNHCR, Government",2024-04-30,145
Burkina Faso,BFA,Central African Rep.,CAF,Refugees,"UNHCR, Government",2024-06-30,146
Burkina Faso,BFA,Central African Rep.,CAF,Refugees,"UNHCR, Government",2024-07-31,147
Burkina Faso,BFA,Central African Rep.,CAF,Refugees,"UNHCR, Government",2024-08-31,147
Burkina Faso,BFA,Chad,TCD,Refugees,"UNHCR, Government",2024-04-30,54
Burkina Faso,BFA,Chad,TCD,Refugees,"UNHCR, Government",2024-06-30,54
Burkina Faso,BFA,Chad,TCD,Refugees,"UNHCR, Government",2024-07-31,54
Burkina Faso,BFA,Chad,TCD,Refugees,"UNHCR, Government",2024-08-31,57
Burkina Faso,BFA,Congo,COG,Refugees,"UNHCR, Government",2024-04-30,19
Burkina Faso,BFA,Congo,COG,Refugees,"UNHCR, Government",2024-06-30,19
Burkina Faso,BFA,Congo,COG,Refugees,"UNHCR, Government",2024-07-31,19
Burkina Faso,BFA,Congo,COG,Refugees,"UNHCR, Government",2024-08-31,19
Burkina Faso,BFA,Dem. Rep. of the Congo,COD,Refugees,"UNHCR, Government",2024-04-30,21
Burkina Faso,BFA,Dem. Rep. of the Congo,COD,Refugees,"UNHCR, Government",2024-06-30,21
Burkina Faso,BFA,Dem. Rep. of the Congo,COD,Refugees,"UNHCR, Government",2024-07-31,23
Burkina Faso,BFA,Dem. Rep. of the Congo,COD,Refugees,"UNHCR, Government",2024-08-31,23
Burkina Faso,BFA,Mali,MLI,Refugees,"UNHCR, Government",2024-04-30,38557
Burkina Faso,BFA,Mali,MLI,Refugees,"UNHCR, Government",2024-06-30,38569
Burkina Faso,BFA,Mali,MLI,Refugees,"UNHCR, Government",2024-07-31,38913
Burkina Faso,BFA,Mali,MLI,Refugees,"UNHCR, Government",2024-08-31,38940
Burkina Faso,BFA,Others,,Refugees,"UNHCR, Government",2024-04-30,756
Burkina Faso,BFA,Others,,Refugees,"UNHCR, Government",2024-06-30,1110
Burkina Faso,BFA,Others,,Refugees,"UNHCR, Government",2024-07-31,1143
Burkina Faso,BFA,Others,,Refugees,"UNHCR, Government",2024-08-31,1143
Burkina Faso,BFA,Rwanda,RWA,Refugees,"UNHCR, Government",2024-03-31,8
Burkina Faso,BFA,Rwanda,RWA,Refugees,"UNHCR, Government",2024-06-30,8
Burkina Faso,BFA,Rwanda,RWA,Refugees,"UNHCR, Government",2024-07-31,8
Burkina Faso,BFA,Rwanda,RWA,Refugees,"UNHCR, Government",2024-08-31,8
Burkina Faso,BFA,Togo,TGO,Refugees,"UNHCR, Government",2024-04-30,16
Burkina Faso,BFA,Togo,TGO,Refugees,"UNHCR, Government",2024-06-30,488
Burkina Faso,BFA,Togo,TGO,Refugees,"UNHCR, Government",2024-07-31,488
Burkina Faso,BFA,Togo,TGO,Refugees,"UNHCR, Government",2024-08-31,488
Burkina Faso,BFA,Various,,Asylum-Seekers,"UNHCR, Government",2023-03-31,0
Central African Republic,CAF,Chad,TCD,Refugees,"Government, UNHCR",2024-05-31,33708
Central African Republic,CAF,Chad,TCD,Asylum-Seekers,"Government, UNHCR",2024-06-30,36902
Central African Republic,CAF,Chad,TCD,Asylum-Seekers,"Government, UNHCR",2024-08-31,37152
Central African Republic,CAF,Dem. Rep. of the Congo,COD,Refugees,"Government, UNHCR",2024-05-31,6448
Central African Republic,CAF,Dem. Rep. of the Congo,COD,Refugees,"Government, UNHCR",2024-06-30,6448
Central African Republic,CAF,Dem. Rep. of the Congo,COD,Refugees,"Government, UNHCR",2024-08-31,6505
Central African Republic,CAF,Rwanda,RWA,Refugees,"Government, UNHCR",2024-05-31,238
Central African Republic,CAF,Rwanda,RWA,Refugees,"Government, UNHCR",2024-06-30,238
Central African Republic,CAF,Rwanda,RWA,Refugees,"Government, UNHCR",2024-08-31,237
Central African Republic,CAF,South Sudan,SSD,Refugees,"Government, UNHCR",2024-05-31,2825
Central African Republic,CAF,South Sudan,SSD,Refugees,"Government, UNHCR",2024-06-30,2825
Central African Republic,CAF,South Sudan,SSD,Refugees,"Government, UNHCR",2024-08-31,2867
Central African Republic,CAF,Sudan,SDN,Refugees,"Government, UNHCR",2024-07-07,104406
Central African Republic,CAF,Sudan,SDN,Refugees,"Government, UNHCR",2024-07-07,108762
Central African Republic,CAF,Sudan,SDN,Refugees,"Government, UNHCR",2024-07-28,109256
Central African Republic,CAF,Sudan,SDN,Refugees,"Government, UNHCR",2024-07-31,109365
Central African Republic,CAF,Sudan,SDN,Refugees,"Government, UNHCR",2024-07-31,114840
Central African Republic,CAF,Sudan,SDN,Refugees,"Government, UNHCR",2024-08-11,114950
Central African Republic,CAF,Sudan,SDN,Refugees,"Government, UNHCR",2024-08-11,28871
Central African Republic,CAF,Sudan,SDN,Refugees,"Government, UNHCR",2024-08-26,29000
Central African Republic,CAF,Sudan,SDN,Refugees,"Government, UNHCR",2024-08-30,29043
Central African Republic,CAF,Sudan,SDN,Refugees,"Government, UNHCR",2024-09-09,29070
Central African Republic,CAF,Sudan,SDN,Refugees,"Government, UNHCR",2024-09-09,29579
Central African Republic,CAF,Various,,Refugees,"Government, UNHCR",2024-05-31,33533
Central African Republic,CAF,Various,,Refugees,"Government, UNHCR",2024-06-30,30020
Central African Republic,CAF,Various,,Refugees,"Government, UNHCR",2024-07-31,8809
Central African Republic,CAF,Various,,Asylum-Seekers,"Government, UNHCR",2024-07-31,8809
Central African Republic,CAF,Various,,Asylum-Seekers,"Government, UNHCR",2024-08-31,8812
Cote d'Ivoire,CIV,Burkina Faso,BFA,Refugees,"UNHCR, Government",2023-08-31,0
Cote d'Ivoire,CIV,Central African Rep.,CAF,Refugees,"UNHCR, Government",2024-05-31,608
Cote d'Ivoire,CIV,Central African Rep.,CAF,Refugees,"UNHCR, Government",2024-07-31,608
Cote d'Ivoire,CIV,Congo,COG,Refugees,"UNHCR, Government",2024-05-31,75
Cote d'Ivoire,CIV,Dem. Rep. of the Congo,COD,Refugees,"UNHCR, Government",2024-05-31,124
Cote d'Ivoire,CIV,Liberia,LBR,Refugees,"UNHCR, Government",2024-05-31,1152
Cote d'Ivoire,CIV,Liberia,LBR,Refugees,"UNHCR, Government",2024-07-31,1152
Cote d'Ivoire,CIV,Rwanda,RWA,Refugees,"UNHCR, Government",2024-05-31,45
Cote d'Ivoire,CIV,Syrian Arab Rep.,SYR,Refugees,"UNHCR, Government",2024-05-31,164
Cote d'Ivoire,CIV,Various,,Asylum-Seekers,"UNHCR, Government",2024-05-31,50768
Cote d'Ivoire,CIV,Various,,Asylum-Seekers,"UNHCR, Government",2024-06-30,53397
Cote d'Ivoire,CIV,Various,,Asylum-Seekers,"UNHCR, Government",2024-07-31,56032
Cote d'Ivoire,CIV,Various,,Asylum-Seekers,"UNHCR, Government",2024-08-31,59180
Cameroon,CMR,Burundi,BDI,Refugees,"UNHCR, Government",2024-04-30,55
Cameroon,CMR,Burundi,BDI,Refugees,"UNHCR, Government",2024-06-30,55
Cameroon,CMR,Burundi,BDI,Refugees,"UNHCR, Government",2024-08-31,55
Cameroon,CMR,Central African Rep.,CAF,Refugees,"UNHCR, Government",2024-04-30,351905
Cameroon,CMR,Central African Rep.,CAF,Refugees,"UNHCR, Government",2024-06-30,346061
Cameroon,CMR,Central African Rep.,CAF,Refugees,"UNHCR, Government",2024-08-31,308891
Cameroon,CMR,Chad,TCD,Refugees,"UNHCR, Government",2024-04-30,1706
Cameroon,CMR,Chad,TCD,Refugees,"UNHCR, Government",2024-06-30,1714
Cameroon,CMR,Chad,TCD,Refugees,"UNHCR, Government",2024-08-31,1711
Cameroon,CMR,Congo,COG,Refugees,"UNHCR, Government",2024-04-30,45
Cameroon,CMR,Congo,COG,Refugees,"UNHCR, Government",2024-06-30,45
Cameroon,CMR,Congo,COG,Refugees,"UNHCR, Government",2024-08-31,45
Cameroon,CMR,Côte d'Ivoire,CIV,Refugees,"UNHCR, Government",2024-04-30,32
Cameroon,CMR,Côte d'Ivoire,CIV,Refugees,"UNHCR, Government",2024-06-30,32
Cameroon,CMR,Côte d'Ivoire,CIV,Refugees,"UNHCR, Government",2024-08-31,32
Cameroon,CMR,Dem. Rep. of the Congo,COD,Refugees,"UNHCR, Government",2024-04-30,475
Cameroon,CMR,Dem. Rep. of the Congo,COD,Refugees,"UNHCR, Government",2024-06-30,471
Cameroon,CMR,Dem. Rep. of the Congo,COD,Refugees,"UNHCR, Government",2024-08-31,464
Cameroon,CMR,Nigeria,NGA,Refugees,"UNHCR, Government",2024-04-30,121775
Cameroon,CMR,Nigeria,NGA,Refugees,"UNHCR, Government",2024-06-30,123341
Cameroon,CMR,Nigeria,NGA,Refugees,"UNHCR, Government",2024-08-31,123989
Cameroon,CMR,Others,,Refugees,"UNHCR, Government",2024-04-30,11206
Cameroon,CMR,Others,,Refugees,"UNHCR, Government",2024-06-30,11985
Cameroon,CMR,Others,,Refugees,"UNHCR, Government",2024-08-31,13680
Cameroon,CMR,Rwanda,RWA,Refugees,"UNHCR, Government",2024-04-30,267
Cameroon,CMR,Rwanda,RWA,Refugees,"UNHCR, Government",2024-06-30,268
Cameroon,CMR,Rwanda,RWA,Refugees,"UNHCR, Government",2024-08-31,269
Cameroon,CMR,Sudan,SDN,Refugees,"UNHCR, Government",2024-04-30,126
Cameroon,CMR,Sudan,SDN,Refugees,"UNHCR, Government",2024-06-30,133
Cameroon,CMR,Sudan,SDN,Refugees,"UNHCR, Government",2024-08-31,150
Democratic Republic of the Congo,COD,Angola,AGO,Refugees,"UNHCR, Government",2024-05-31,374
Democratic Republic of the Congo,COD,Angola,AGO,Refugees,"UNHCR, Government",2024-07-31,375
Democratic Republic of the Congo,COD,Burundi,BDI,Refugees,"UNHCR, Government",2024-05-31,51793
Democratic Republic of the Congo,COD,Burundi,BDI,Refugees,"UNHCR, Government",2024-07-31,52545
Democratic Republic of the Congo,COD,Burundi,BDI,Refugees,"UNHCR, Government",2024-07-31,52510
Democratic Republic of the Congo,COD,Cameroon,CMR,Refugees,"UNHCR, Government",2024-05-31,1
Democratic Republic of the Congo,COD,Central African Rep.,CAF,Refugees,"UNHCR, Government",2024-05-31,210483
Democratic Republic of the Congo,COD,Central African Rep.,CAF,Refugees,"UNHCR, Government",2024-07-31,208274
Democratic Republic of the Congo,COD,Central African Rep.,CAF,Refugees,"UNHCR, Government",2024-07-31,208276
Democratic Republic of the Congo,COD,Chad,TCD,Refugees,"UNHCR, Government",2024-05-31,22
Democratic Republic of the Congo,COD,Chad,TCD,Refugees,"UNHCR, Government",2024-07-31,22
Democratic Republic of the Congo,COD,Congo,COG,Refugees,"UNHCR, Government",2024-05-31,409
Democratic Republic of the Congo,COD,Congo,COG,Refugees,"UNHCR, Government",2024-07-31,426
Democratic Republic of the Congo,COD,Côte d'Ivoire,CIV,Refugees,"UNHCR, Government",2024-05-31,12
Democratic Republic of the Congo,COD,Côte d'Ivoire,CIV,Refugees,"UNHCR, Government",2024-07-31,11
Democratic Republic of the Congo,COD,Eritrea,ERI,Refugees,"UNHCR, Government",2024-05-31,8
Democratic Republic of the Congo,COD,Eritrea,ERI,Refugees,"UNHCR, Government",2024-07-31,9
Democratic Republic of the Congo,COD,Ethiopia,ETH,Refugees,"UNHCR, Government",2024-04-30,5
Democratic Republic of the Congo,COD,Ethiopia,ETH,Refugees,"UNHCR, Government",2024-07-31,5
Democratic Republic of the Congo,COD,Guinea,GIN,Refugees,"UNHCR, Government",2024-04-30,1
Democratic Republic of the Congo,COD,Guinea,GIN,Refugees,"UNHCR, Government",2024-07-31,1
Democratic Republic of the Congo,COD,Liberia,LBR,Refugees,"UNHCR, Government",2024-05-31,5
Democratic Republic of the Congo,COD,Liberia,LBR,Refugees,"UNHCR, Government",2024-07-31,5
Democratic Republic of the Congo,COD,Mali,MLI,Refugees,"UNHCR, Government",2024-05-31,9
Democratic Republic of the Congo,COD,Mali,MLI,Refugees,"UNHCR, Government",2024-07-31,9
Democratic Republic of the Congo,COD,Nigeria,NGA,Refugees,"UNHCR, Government",2024-05-31,10
Democratic Republic of the Congo,COD,Nigeria,NGA,Refugees,"UNHCR, Government",2024-07-31,10
Democratic Republic of the Congo,COD,Others,,Asylum-Seekers,"UNHCR, Government",2024-05-31,6454
Democratic Republic of the Congo,COD,Others,,Asylum-Seekers,"UNHCR, Government",2024-07-31,6074
Democratic Republic of the Congo,COD,Rwanda,RWA,Refugees,"UNHCR, Government",2024-05-31,206640
Democratic Republic of the Congo,COD,Rwanda,RWA,Refugees,"UNHCR, Government",2024-07-31,206494
Democratic Republic of the Congo,COD,Senegal,SEN,Refugees,"UNHCR, Government",2024-04-30,1
Democratic Republic of the Congo,COD,Senegal,SEN,Refugees,"UNHCR, Government",2024-07-31,1
Democratic Republic of the Congo,COD,Sierra Leone,SLE,Refugees,"UNHCR, Government",2024-04-30,1
Democratic Republic of the Congo,COD,Sierra Leone,SLE,Refugees,"UNHCR, Government",2024-07-31,1
Democratic Republic of the Congo,COD,Somalia,SOM,Refugees,"UNHCR, Government",2024-04-30,23
Democratic Republic of the Congo,COD,Somalia,SOM,Refugees,"UNHCR, Government",2024-07-31,25
Democratic Republic of the Congo,COD,South Sudan,SSD,Refugees,"UNHCR, Government",2024-05-31,49906
Democratic Republic of the Congo,COD,South Sudan,SSD,Refugees,"UNHCR, Government",2024-07-31,50164
Democratic Republic of the Congo,COD,Sudan,SDN,Refugees,"UNHCR, Government",2024-05-31,49
Democratic Republic of the Congo,COD,Sudan,SDN,Refugees,"UNHCR, Government",2024-07-31,49
Democratic Republic of the Congo,COD,Syrian Arab Rep.,SYR,Refugees,"UNHCR, Government",2024-04-30,17
Democratic Republic of the Congo,COD,Syrian Arab Rep.,SYR,Refugees,"UNHCR, Government",2024-07-31,17
Democratic Republic of the Congo,COD,Uganda,UGA,Refugees,"UNHCR, Government",2024-05-31,25
Democratic Republic of the Congo,COD,Uganda,UGA,Refugees,"UNHCR, Government",2024-07-31,25
Djibouti,DJI,Eritrea,ERI,Asylum-Seekers,UNHCR,2024-06-30,1479
Djibouti,DJI,Eritrea,ERI,Asylum-Seekers,UNHCR,2024-07-31,1478
Djibouti,DJI,Eritrea,ERI,Asylum-Seekers,UNHCR,2024-08-31,1502
Djibouti,DJI,Ethiopia,ETH,Refugees,UNHCR,2024-06-30,13001
Djibouti,DJI,Ethiopia,ETH,Asylum-Seekers,UNHCR,2024-06-30,13001
Djibouti,DJI,Ethiopia,ETH,Refugees,UNHCR,2024-07-31,13033
Djibouti,DJI,Ethiopia,ETH,Refugees,UNHCR,2024-08-31,13258
Djibouti,DJI,Others,,Refugees,UNHCR,2024-06-30,78
Djibouti,DJI,Others,,Asylum-Seekers,UNHCR,2024-07-31,79
Djibouti,DJI,Others,,Refugees,UNHCR,2024-07-31,79
Djibouti,DJI,Others,,Refugees,UNHCR,2024-08-31,100
Djibouti,DJI,Somalia,SOM,Asylum-Seekers,UNHCR,2024-06-30,13544
Djibouti,DJI,Somalia,SOM,Asylum-Seekers,UNHCR,2024-07-31,13551
Djibouti,DJI,Somalia,SOM,Asylum-Seekers,UNHCR,2024-08-31,13546
Djibouti,DJI,Somalia,SOM,Refugees,UNHCR,2024-08-31,13546
Djibouti,DJI,Yemen,YEM,Asylum-Seekers,UNHCR,2024-06-30,3407
Djibouti,DJI,Yemen,YEM,Asylum-Seekers,UNHCR,2024-07-31,3421
Djibouti,DJI,Yemen,YEM,Refugees,UNHCR,2024-08-31,3419
Djibouti,DJI,Yemen,YEM,Asylum-Seekers,UNHCR,2024-08-31,3419
Ethiopia,ETH,Eritrea,ERI,Refugees,"UNHCR, Government",2024-06-30,179276
Ethiopia,ETH,Eritrea,ERI,Refugees,"UNHCR, Government",2024-07-31,179379
Ethiopia,ETH,Others,,Refugees,"UNHCR, Government",2024-06-30,6753
Ethiopia,ETH,Others,,Refugees,"UNHCR, Government",2024-07-31,6705
Ethiopia,ETH,Somalia,SOM,Refugees,"UNHCR, Government",2024-06-30,358768
Ethiopia,ETH,Somalia,SOM,Refugees,"UNHCR, Government",2024-07-31,356551
Ethiopia,ETH,South Sudan,SSD,Refugees,"UNHCR, Government",2024-06-30,423163
Ethiopia,ETH,South Sudan,SSD,Refugees,"UNHCR, Government",2024-07-31,430634
Ethiopia,ETH,Sudan,SDN,Refugees,"UNHCR, Government",2024-07-07,140246
Ethiopia,ETH,Sudan,SDN,Refugees,"UNHCR, Government",2024-07-15,140308
Ethiopia,ETH,Sudan,SDN,Refugees,"UNHCR, Government",2024-07-22,140612
Ethiopia,ETH,Sudan,SDN,Refugees,"UNHCR, Government",2024-07-29,141133
Ethiopia,ETH,Sudan,SDN,Refugees,"UNHCR, Government",2024-08-04,141349
Ethiopia,ETH,Sudan,SDN,Refugees,"UNHCR, Government",2024-08-04,166028
Ethiopia,ETH,Sudan,SDN,Refugees,"UNHCR, Government",2024-08-11,166284
Ethiopia,ETH,Sudan,SDN,Refugees,"UNHCR, Government",2024-08-11,141605
Ethiopia,ETH,Sudan,SDN,Refugees,"UNHCR, Government",2024-08-11,136108
Ethiopia,ETH,Sudan,SDN,Refugees,"UNHCR, Government",2024-08-18,136310
Ethiopia,ETH,Sudan,SDN,Refugees,"UNHCR, Government",2024-08-25,136502
Ethiopia,ETH,Sudan,SDN,Refugees,"UNHCR, Government",2024-09-01,136793
Ethiopia,ETH,Sudan,SDN,Refugees,"UNHCR, Government",2024-09-08,136886
Ethiopia,ETH,Yemen,YEM,Refugees,"UNHCR, Government",2024-06-30,2534
Ethiopia,ETH,Yemen,YEM,Refugees,"UNHCR, Government",2024-07-31,2547
Ghana,GHA,Central African Rep.,CAF,Refugees,"UNHCR, Government",2024-05-31,202
Ghana,GHA,Central African Rep.,CAF,Refugees,"UNHCR, Government",2024-07-31,202
Ghana,GHA,Chad,TCD,Refugees,"UNHCR, Government",2024-05-31,43
Ghana,GHA,Chad,TCD,Refugees,"UNHCR, Government",2024-07-31,43
Ghana,GHA,Côte d'Ivoire,CIV,Refugees,"UNHCR, Government",2024-05-31,678
Ghana,GHA,Côte d'Ivoire,CIV,Refugees,"UNHCR, Government",2024-07-31,680
Ghana,GHA,Dem. Rep. of the Congo,COD,Refugees,"UNHCR, Government",2024-05-31,69
Ghana,GHA,Dem. Rep. of the Congo,COD,Refugees,"UNHCR, Government",2024-07-31,69
Ghana,GHA,Eritrea,ERI,Refugees,"UNHCR, Government",2024-05-31,136
Ghana,GHA,Eritrea,ERI,Refugees,"UNHCR, Government",2024-07-31,138
Ghana,GHA,Liberia,LBR,Refugees,"UNHCR, Government",2024-05-31,628
Ghana,GHA,Liberia,LBR,Refugees,"UNHCR, Government",2024-07-31,629
Ghana,GHA,Rwanda,RWA,Refugees,"UNHCR, Government",2024-05-31,27
Ghana,GHA,Rwanda,RWA,Refugees,"UNHCR, Government",2024-07-31,27
Ghana,GHA,Sierra Leone,SLE,Refugees,"UNHCR, Government",2024-05-31,86
Ghana,GHA,Sierra Leone,SLE,Refugees,"UNHCR, Government",2024-07-31,87
Ghana,GHA,Somalia,SOM,Refugees,"UNHCR, Government",2024-05-31,99
Ghana,GHA,Somalia,SOM,Refugees,"UNHCR, Government",2024-07-31,99
Ghana,GHA,Sudan,SDN,Refugees,"UNHCR, Government",2024-05-31,554
Ghana,GHA,Sudan,SDN,Refugees,"UNHCR, Government",2024-07-31,554
Ghana,GHA,Syrian Arab Rep.,SYR,Refugees,"UNHCR, Government",2024-05-31,276
Ghana,GHA,Syrian Arab Rep.,SYR,Refugees,"UNHCR, Government",2024-07-31,276
Ghana,GHA,Togo,TGO,Refugees,"UNHCR, Government",2024-05-31,3394
Ghana,GHA,Togo,TGO,Refugees,"UNHCR, Government",2024-07-31,3404
Ghana,GHA,Various,,Asylum-Seekers,"UNHCR, Government",2024-05-31,16950
Ghana,GHA,Various,,Asylum-Seekers,"UNHCR, Government",2024-06-30,17023
Ghana,GHA,Various,,Asylum-Seekers,"UNHCR, Government",2024-07-31,6240
Guinea,GIN,Central African Rep.,CAF,Refugees,"UNHCR, Government",2024-05-31,36
Guinea,GIN,Central African Rep.,CAF,Refugees,"UNHCR, Government",2024-06-30,36
Guinea,GIN,Central African Rep.,CAF,Refugees,"UNHCR, Government",2024-07-31,36
Guinea,GIN,Congo,COG,Refugees,"UNHCR, Government",2024-05-31,11
Guinea,GIN,Congo,COG,Refugees,"UNHCR, Government",2024-06-30,11
Guinea,GIN,Congo,COG,Refugees,"UNHCR, Government",2024-07-31,11
Guinea,GIN,Côte d'Ivoire,CIV,Refugees,"UNHCR, Government",2024-05-31,22
Guinea,GIN,Côte d'Ivoire,CIV,Refugees,"UNHCR, Government",2024-06-30,22
Guinea,GIN,Côte d'Ivoire,CIV,Refugees,"UNHCR, Government",2024-07-31,22
Guinea,GIN,Dem. Rep. of the Congo,COD,Refugees,"UNHCR, Government",2024-05-31,54
Guinea,GIN,Dem. Rep. of the Congo,COD,Refugees,"UNHCR, Government",2024-06-30,54
Guinea,GIN,Dem. Rep. of the Congo,COD,Refugees,"UNHCR, Government",2024-07-31,54
Guinea,GIN,Liberia,LBR,Refugees,"UNHCR, Government",2024-05-31,318
Guinea,GIN,Liberia,LBR,Refugees,"UNHCR, Government",2024-06-30,318
Guinea,GIN,Liberia,LBR,Refugees,"UNHCR, Government",2024-07-31,318
Guinea,GIN,Mali,MLI,Refugees,"UNHCR, Government",2024-05-31,9
Guinea,GIN,Mali,MLI,Refugees,"UNHCR, Government",2024-06-30,9
Guinea,GIN,Mali,MLI,Refugees,"UNHCR, Government",2024-07-31,9
Guinea,GIN,Nigeria,NGA,Refugees,"UNHCR, Government",2024-05-31,10
Guinea,GIN,Nigeria,NGA,Refugees,"UNHCR, Government",2024-06-30,10
Guinea,GIN,Nigeria,NGA,Refugees,"UNHCR, Government",2024-07-31,10
Guinea,GIN,Rwanda,RWA,Refugees,"UNHCR, Government",2024-05-31,10
Guinea,GIN,Rwanda,RWA,Refugees,"UNHCR, Government",2024-06-30,10
Guinea,GIN,Rwanda,RWA,Refugees,"UNHCR, Government",2024-07-31,10
Guinea,GIN,Sierra Leone,SLE,Refugees,"UNHCR, Government",2024-05-31,1650
Guinea,GIN,Sierra Leone,SLE,Refugees,"UNHCR, Government",2024-06-30,1650
Guinea,GIN,Sierra Leone,SLE,Refugees,"UNHCR, Government",2024-07-31,1650
Guinea,GIN,Syrian Arab Rep.,SYR,Refugees,"UNHCR, Government",2024-05-31,14
Guinea,GIN,Syrian Arab Rep.,SYR,Refugees,"UNHCR, Government",2024-06-30,14
Guinea,GIN,Syrian Arab Rep.,SYR,Refugees,"UNHCR, Government",2024-07-31,14
Guinea,GIN,Various,,Asylum-Seekers,"UNHCR, Government",2024-05-31,110
Guinea,GIN,Various,,Asylum-Seekers,"UNHCR, Government",2024-06-30,110
Guinea,GIN,Various,,Asylum-Seekers,"UNHCR, Government",2024-07-31,110
Gambia,GMB,Côte d'Ivoire,CIV,Refugees,"Government, UNHCR",2023-02-28,0
Gambia,GMB,Dem. Rep. of the Congo,COD,Refugees,"Government, UNHCR",2024-05-31,52
Gambia,GMB,Dem. Rep. of the Congo,COD,Refugees,"Government, UNHCR",2024-06-30,53
Gambia,GMB,Dem. Rep. of the Congo,COD,Refugees,"Government, UNHCR",2024-07-31,53
Gambia,GMB,Senegal,SEN,Refugees,"Government, UNHCR",2024-05-31,3664
Gambia,GMB,Senegal,SEN,Refugees,"Government, UNHCR",2024-06-30,3661
Gambia,GMB,Senegal,SEN,Refugees,"Government, UNHCR",2024-07-31,3628
Gambia,GMB,Sierra Leone,SLE,Refugees,"Government, UNHCR",2024-05-31,99
Gambia,GMB,Sierra Leone,SLE,Refugees,"Government, UNHCR",2024-06-30,99
Gambia,GMB,Sierra Leone,SLE,Refugees,"Government, UNHCR",2024-07-31,100
Gambia,GMB,Various,,Asylum-Seekers,"Government, UNHCR",2024-05-31,488
Gambia,GMB,Various,,Asylum-Seekers,"Government, UNHCR",2024-06-30,497
Gambia,GMB,Various,,Asylum-Seekers,"Government, UNHCR",2024-07-31,501
Guinea-Bissau,GNB,Senegal,SEN,Refugees,"UNHCR, Government",2022-07-31,0
Guinea-Bissau,GNB,Various,,Asylum-Seekers,"UNHCR, Government",2024-05-31,69
Guinea-Bissau,GNB,Various,,Asylum-Seekers,"UNHCR, Government",2024-06-30,69
Guinea-Bissau,GNB,Various,,Asylum-Seekers,"UNHCR, Government",2024-07-31,69
Kenya,KEN,Burundi,BDI,Asylum-Seekers,"UNHCR, Government",2024-06-30,32141
Kenya,KEN,Burundi,BDI,Asylum-Seekers,"UNHCR, Government",2024-07-31,32324
Kenya,KEN,Burundi,BDI,Asylum-Seekers,"UNHCR, Government",2024-08-31,32149
Kenya,KEN,Dem. Rep. of the Congo,COD,Asylum-Seekers,"UNHCR, Government",2024-06-30,60947
Kenya,KEN,Dem. Rep. of the Congo,COD,Asylum-Seekers,"UNHCR, Government",2024-07-31,61295
Kenya,KEN,Dem. Rep. of the Congo,COD,Asylum-Seekers,"UNHCR, Government",2024-08-31,61762
Kenya,KEN,Eritrea,ERI,Asylum-Seekers,"UNHCR, Government",2021-02-28,0
Kenya,KEN,Eritrea,ERI,Refugees,"UNHCR, Government",2021-02-28,0
Kenya,KEN,Ethiopia,ETH,Refugees,"UNHCR, Government",2024-06-30,39565
Kenya,KEN,Ethiopia,ETH,Asylum-Seekers,"UNHCR, Government",2024-06-30,39565
Kenya,KEN,Ethiopia,ETH,Refugees,"UNHCR, Government",2024-07-31,39958
Kenya,KEN,Ethiopia,ETH,Asylum-Seekers,"UNHCR, Government",2024-08-31,40450
Kenya,KEN,Others,,Asylum-Seekers,"UNHCR, Government",2024-06-30,7994
Kenya,KEN,Others,,Refugees,"UNHCR, Government",2024-06-30,7994
Kenya,KEN,Others,,Refugees,"UNHCR, Government",2024-07-31,8133
Kenya,KEN,Others,,Asylum-Seekers,"UNHCR, Government",2024-07-31,8133
Kenya,KEN,Others,,Asylum-Seekers,"UNHCR, Government",2024-08-31,8210
Kenya,KEN,Rwanda,RWA,Asylum-Seekers,"UNHCR, Government",2021-02-28,0
Kenya,KEN,Somalia,SOM,Asylum-Seekers,"UNHCR, Government",2024-06-30,435183
Kenya,KEN,Somalia,SOM,Asylum-Seekers,"UNHCR, Government",2024-07-31,437609
Kenya,KEN,Somalia,SOM,Asylum-Seekers,"UNHCR, Government",2024-08-31,448750
Kenya,KEN,South Sudan,SSD,Asylum-Seekers,"UNHCR, Government",2024-06-30,185813
Kenya,KEN,South Sudan,SSD,Asylum-Seekers,"UNHCR, Government",2024-07-31,187444
Kenya,KEN,South Sudan,SSD,Refugees,"UNHCR, Government",2024-08-31,188971
Kenya,KEN,Sudan,SDN,Asylum-Seekers,"UNHCR, Government",2024-06-30,11678
Kenya,KEN,Sudan,SDN,Refugees,"UNHCR, Government",2024-06-30,11678
Kenya,KEN,Sudan,SDN,Asylum-Seekers,"UNHCR, Government",2024-07-31,11824
Kenya,KEN,Sudan,SDN,Asylum-Seekers,"UNHCR, Government",2024-08-31,11913
Kenya,KEN,Sudan,SDN,Refugees,"UNHCR, Government",2024-08-31,11913
Kenya,KEN,Uganda,UGA,Asylum-Seekers,"UNHCR, Government",2024-06-30,4033
Kenya,KEN,Uganda,UGA,Asylum-Seekers,"UNHCR, Government",2024-07-31,3881
Kenya,KEN,Uganda,UGA,Asylum-Seekers,"UNHCR, Government",2024-08-31,3928
Liberia,LBR,Côte d'Ivoire,CIV,Refugees,"UNHCR, Government",2024-05-31,1517
Liberia,LBR,Côte d'Ivoire,CIV,Refugees,"UNHCR, Government",2024-07-31,1517
Liberia,LBR,Sierra Leone,SLE,Refugees,"UNHCR, Government",2020-06-30,0
Liberia,LBR,Various,,Refugees,"UNHCR, Government",2024-05-31,313
Liberia,LBR,Various,,Refugees,"UNHCR, Government",2024-07-31,313
Mali,MLI,Burkina Faso,BFA,Refugees,"UNHCR, Government",2024-06-30,56043
Mali,MLI,Burkina Faso,BFA,Refugees,"UNHCR, Government",2024-07-31,55364
Mali,MLI,Burkina Faso,BFA,Refugees,"UNHCR, Government",2024-08-31,71174
Mali,MLI,Central African Rep.,CAF,Refugees,"UNHCR, Government",2024-06-30,1321
Mali,MLI,Central African Rep.,CAF,Refugees,"UNHCR, Government",2024-07-31,1098
Mali,MLI,Central African Rep.,CAF,Refugees,"UNHCR, Government",2024-08-31,1326
Mali,MLI,Congo,COG,Refugees,"UNHCR, Government",2024-06-30,54
Mali,MLI,Congo,COG,Refugees,"UNHCR, Government",2024-07-31,25
Mali,MLI,Congo,COG,Refugees,"UNHCR, Government",2024-08-31,54
Mali,MLI,Côte d'Ivoire,CIV,Refugees,"UNHCR, Government",2024-06-30,0
Mali,MLI,Côte d'Ivoire,CIV,Refugees,"UNHCR, Government",2024-07-31,0
Mali,MLI,Côte d'Ivoire,CIV,Refugees,"UNHCR, Government",2024-08-31,0
Mali,MLI,Dem. Rep. of the Congo,COD,Refugees,"UNHCR, Government",2024-06-30,288
Mali,MLI,Dem. Rep. of the Congo,COD,Refugees,"UNHCR, Government",2024-07-31,164
Mali,MLI,Dem. Rep. of the Congo,COD,Refugees,"UNHCR, Government",2024-08-31,294
Mali,MLI,Mauritania,MRT,Refugees,"UNHCR, Government",2024-06-30,14984
Mali,MLI,Mauritania,MRT,Refugees,"UNHCR, Government",2024-07-31,12769
Mali,MLI,Mauritania,MRT,Refugees,"UNHCR, Government",2024-08-31,14986
Mali,MLI,Niger,NER,Refugees,"UNHCR, Government",2024-06-30,22578
Mali,MLI,Niger,NER,Refugees,"UNHCR, Government",2024-07-31,23183
Mali,MLI,Niger,NER,Refugees,"UNHCR, Government",2024-08-01,23183
Mali,MLI,Niger,NER,Refugees,"UNHCR, Government",2024-08-31,23468
Mali,MLI,Others,,Refugees,"UNHCR, Government",2024-06-30,177
Mali,MLI,Others,,Refugees,"UNHCR, Government",2024-07-31,151
Mali,MLI,Others,,Refugees,"UNHCR, Government",2024-08-31,177
Mali,MLI,Various,,Asylum-Seekers,"UNHCR, Government",2024-06-30,233
Mali,MLI,Various,,Asylum-Seekers,"UNHCR, Government",2024-07-31,229
Mali,MLI,Various,,Asylum-Seekers,"UNHCR, Government",2024-08-31,251
Mozambique,MOZ,Burundi,BDI,Refugees,"UNHCR, Government",2024-05-31,8420
Mozambique,MOZ,Burundi,BDI,Refugees,"UNHCR, Government",2024-06-30,8557
Mozambique,MOZ,Côte d'Ivoire,CIV,Refugees,"UNHCR, Government",2024-05-31,396
Mozambique,MOZ,Côte d'Ivoire,CIV,Refugees,"UNHCR, Government",2024-06-30,404
Mozambique,MOZ,Dem. Rep. of the Congo,COD,Refugees,"UNHCR, Government",2024-05-31,9492
Mozambique,MOZ,Dem. Rep. of the Congo,COD,Refugees,"UNHCR, Government",2024-06-30,9509
Mozambique,MOZ,Others,,Refugees,"UNHCR, Government",2024-05-31,163
Mozambique,MOZ,Others,,Refugees,"UNHCR, Government",2024-06-30,164
Mozambique,MOZ,Rwanda,RWA,Refugees,"UNHCR, Government",2024-05-31,3440
Mozambique,MOZ,Rwanda,RWA,Refugees,"UNHCR, Government",2024-06-30,3502
Mozambique,MOZ,Somalia,SOM,Refugees,"UNHCR, Government",2024-05-31,2096
Mozambique,MOZ,Somalia,SOM,Refugees,"UNHCR, Government",2024-06-30,2162
Malawi,MWI,Burundi,BDI,Refugees,"UNHCR, Government",2024-05-31,11821
Malawi,MWI,Burundi,BDI,Refugees,"UNHCR, Government",2024-06-30,11913
Malawi,MWI,Mozambique,MOZ,Asylum-Seekers,"UNHCR, Government",2024-05-31,35
Malawi,MWI,Mozambique,MOZ,Asylum-Seekers,"UNHCR, Government",2024-06-30,35
Malawi,MWI,Others,,Refugees,"UNHCR, Government",2024-05-31,35448
Malawi,MWI,Others,,Refugees,"UNHCR, Government",2024-06-30,35642
Malawi,MWI,Rwanda,RWA,Refugees,"UNHCR, Government",2024-05-31,6836
Malawi,MWI,Rwanda,RWA,Refugees,"UNHCR, Government",2024-06-30,6883
Malawi,MWI,Various,,Refugees,"UNHCR, Government",2019-03-06,0
Niger,NER,Central African Rep.,CAF,Refugees,"UNHCR, Government",2020-04-30,0
Niger,NER,Chad,TCD,Refugees,"UNHCR, Government",2020-04-30,0
Niger,NER,Côte d'Ivoire,CIV,Refugees,"UNHCR, Government",2020-04-30,0
Niger,NER,Dem. Rep. of the Congo,COD,Refugees,"UNHCR, Government",2020-04-30,0
Niger,NER,Mali,MLI,Refugees,"UNHCR, Government",2024-05-31,130397
Niger,NER,Mali,MLI,Refugees,"UNHCR, Government",2024-06-30,124366
Niger,NER,Mali,MLI,Refugees,"UNHCR, Government",2024-07-31,124877
Niger,NER,Mali,MLI,Refugees,"UNHCR, Government",2024-08-31,125616
Niger,NER,Nigeria,NGA,Asylum-Seekers,"UNHCR, Government",2024-05-31,232878
Niger,NER,Nigeria,NGA,Asylum-Seekers,"UNHCR, Government",2024-06-30,236633
Niger,NER,Nigeria,NGA,Asylum-Seekers,"UNHCR, Government",2024-07-31,236631
Niger,NER,Nigeria,NGA,Asylum-Seekers,"UNHCR, Government",2024-07-31,237715
Niger,NER,Nigeria,NGA,Asylum-Seekers,"UNHCR, Government",2024-08-31,237717
Niger,NER,Nigeria,NGA,Asylum-Seekers,"UNHCR, Government",2024-08-31,237987
Niger,NER,Various,,Asylum-Seekers,"UNHCR, Government",2024-05-31,47993
Niger,NER,Various,,Asylum-Seekers,"UNHCR, Government",2024-06-30,50335
Niger,NER,Various,,Asylum-Seekers,"UNHCR, Government",2024-07-31,51314
Niger,NER,Various,,Asylum-Seekers,"UNHCR, Government",2024-08-31,51598
Nigeria,NGA,Cameroon,CMR,Refugees,"UNHCR, Government",2024-05-31,67547
Nigeria,NGA,Cameroon,CMR,Refugees,"UNHCR, Government",2024-06-30,69481
Nigeria,NGA,Cameroon,CMR,Refugees,"UNHCR, Government",2024-07-31,69787
Nigeria,NGA,Central African Rep.,CAF,Refugees,"UNHCR, Government",2024-05-31,940
Nigeria,NGA,Central African Rep.,CAF,Refugees,"UNHCR, Government",2024-06-30,940
Nigeria,NGA,Central African Rep.,CAF,Refugees,"UNHCR, Government",2024-07-31,941
Nigeria,NGA,Chad,TCD,Refugees,"UNHCR, Government",2024-05-31,54
Nigeria,NGA,Chad,TCD,Refugees,"UNHCR, Government",2024-06-30,55
Nigeria,NGA,Chad,TCD,Refugees,"UNHCR, Government",2024-07-31,55
Nigeria,NGA,Côte d'Ivoire,CIV,Refugees,"UNHCR, Government",2024-05-31,54
Nigeria,NGA,Côte d'Ivoire,CIV,Refugees,"UNHCR, Government",2024-06-30,54
Nigeria,NGA,Côte d'Ivoire,CIV,Refugees,"UNHCR, Government",2024-07-31,54
Nigeria,NGA,Dem. Rep. of the Congo,COD,Refugees,"UNHCR, Government",2024-05-31,536
Nigeria,NGA,Dem. Rep. of the Congo,COD,Refugees,"UNHCR, Government",2024-06-30,538
Nigeria,NGA,Dem. Rep. of the Congo,COD,Refugees,"UNHCR, Government",2024-07-31,535
Nigeria,NGA,Mali,MLI,Refugees,"UNHCR, Government",2024-05-31,81
Nigeria,NGA,Mali,MLI,Refugees,"UNHCR, Government",2024-06-30,82
Nigeria,NGA,Mali,MLI,Refugees,"UNHCR, Government",2024-07-31,82
Nigeria,NGA,Niger,NER,Refugees,"UNHCR, Government",2024-05-31,1438
Nigeria,NGA,Niger,NER,Refugees,"UNHCR, Government",2024-06-30,1438
Nigeria,NGA,Niger,NER,Refugees,"UNHCR, Government",2024-07-31,1438
Nigeria,NGA,Others,,Refugees,"UNHCR, Government",2024-05-31,17013
Nigeria,NGA,Others,,Refugees,"UNHCR, Government",2024-06-30,18016
Nigeria,NGA,Others,,Refugees,"UNHCR, Government",2024-07-31,34318
Nigeria,NGA,Sudan,SDN,Refugees,"UNHCR, Government",2024-05-31,41
Nigeria,NGA,Sudan,SDN,Refugees,"UNHCR, Government",2024-06-30,42
Nigeria,NGA,Sudan,SDN,Refugees,"UNHCR, Government",2024-07-31,42
Nigeria,NGA,Syrian Arab Rep.,SYR,Refugees,"UNHCR, Government",2024-05-31,454
Nigeria,NGA,Syrian Arab Rep.,SYR,Refugees,"UNHCR, Government",2024-06-30,510
Nigeria,NGA,Syrian Arab Rep.,SYR,Refugees,"UNHCR, Government",2024-07-31,516
Nigeria,NGA,Turkey,TUR,Refugees,"UNHCR, Government",2024-05-31,409
Nigeria,NGA,Turkey,TUR,Refugees,"UNHCR, Government",2024-06-30,416
Nigeria,NGA,Turkey,TUR,Refugees,"UNHCR, Government",2024-07-31,416
Rwanda,RWA,Burundi,BDI,Refugees,"UNHCR, Government, MINEMA",2024-06-30,49053
Rwanda,RWA,Burundi,BDI,Asylum-Seekers,"UNHCR, Government, MINEMA",2024-07-31,49191
Rwanda,RWA,Burundi,BDI,Refugees,"UNHCR, Government, MINEMA",2024-07-31,49191
Rwanda,RWA,Dem. Rep. of the Congo,COD,Asylum-Seekers,"UNHCR, Government, MINEMA",2024-06-30,77969
Rwanda,RWA,Dem. Rep. of the Congo,COD,Refugees,"UNHCR, Government, MINEMA",2024-06-30,77969
Rwanda,RWA,Dem. Rep. of the Congo,COD,Refugees,"UNHCR, Government, MINEMA",2024-07-31,78308
Rwanda,RWA,Eritrea,ERI,Refugees,"UNHCR, Government, MINEMA",2024-06-30,321
Rwanda,RWA,Eritrea,ERI,Asylum-Seekers,"UNHCR, Government, MINEMA",2024-06-30,321
Rwanda,RWA,Eritrea,ERI,Asylum-Seekers,"UNHCR, Government, MINEMA",2024-07-31,297
Rwanda,RWA,Others,,Refugees,"UNHCR, Government, MINEMA",2024-06-30,549
Rwanda,RWA,Others,,Asylum-Seekers,"UNHCR, Government, MINEMA",2024-06-30,549
Rwanda,RWA,Others,,Asylum-Seekers,"UNHCR, Government, MINEMA",2024-07-31,551
Sudan,SDN,Others,,Refugees,"UNHCR, COR",2024-03-31,35
Sudan,SDN,South Sudan,SSD,Refugees,"UNHCR, COR",2024-03-31,663396
Sudan,SDN,South Sudan,SSD,Refugees,"UNHCR, COR",2024-06-30,662080
Sudan,SDN,Sudan,SDN,Refugees,"UNHCR, COR",2024-05-22,451805
Sudan,SDN,Sudan,SDN,Refugees,"UNHCR, COR",2024-05-22,439029
Sudan,SDN,Sudan,SDN,Refugees,"UNHCR, COR",2024-07-31,439052
Sudan,SDN,Sudan,SDN,Refugees,"UNHCR, COR",2024-08-12,476623
Senegal,SEN,Burundi,BDI,Refugees,"UNHCR, Government",2019-10-31,0
Senegal,SEN,Central African Rep.,CAF,Refugees,"UNHCR, Government",2024-05-31,235
Senegal,SEN,Central African Rep.,CAF,Refugees,"UNHCR, Government",2024-06-30,248
Senegal,SEN,Central African Rep.,CAF,Refugees,"UNHCR, Government",2024-07-31,252
Senegal,SEN,Côte d'Ivoire,CIV,Refugees,"UNHCR, Government",2019-10-31,0
Senegal,SEN,Dem. Rep. of the Congo,COD,Refugees,"UNHCR, Government",2019-10-31,0
Senegal,SEN,Gambia,GMB,Refugees,"UNHCR, Government",2019-09-30,0
Senegal,SEN,Liberia,LBR,Refugees,"UNHCR, Government",2019-10-31,0
Senegal,SEN,Mauritania,MRT,Refugees,"UNHCR, Government",2024-05-31,11536
Senegal,SEN,Mauritania,MRT,Refugees,"UNHCR, Government",2024-06-30,11536
Senegal,SEN,Mauritania,MRT,Refugees,"UNHCR, Government",2024-07-31,11054
Senegal,SEN,Rwanda,RWA,Refugees,"UNHCR, Government",2019-10-31,0
Senegal,SEN,Turkey,TUR,Asylum-Seekers,"UNHCR, Government",2020-09-30,0
Senegal,SEN,Various,,Asylum-Seekers,"UNHCR, Government",2024-05-31,1024
Senegal,SEN,Various,,Asylum-Seekers,"UNHCR, Government",2024-06-30,1041
Senegal,SEN,Various,,Asylum-Seekers,"UNHCR, Government",2024-07-31,1091
Sierra Leone,SLE,Côte d'Ivoire,CIV,Asylum-Seekers,"UNHCR, Government",2023-02-28,0
Sierra Leone,SLE,Liberia,LBR,Refugees,"UNHCR, Government",2022-08-31,0
Somalia,SOM,Bangladesh,BGD,Refugees,UNHCR,2020-08-31,0
Somalia,SOM,Cameroon,CMR,Asylum-Seekers,UNHCR,2020-08-31,0
Somalia,SOM,Congo,COG,Asylum-Seekers,UNHCR,2020-08-31,0
Somalia,SOM,Dem. Rep. of the Congo,COD,Asylum-Seekers,UNHCR,2020-08-31,0
Somalia,SOM,Dem. Rep. of the Congo,COD,Refugees,UNHCR,2020-08-31,0
Somalia,SOM,Djibouti,DJI,Asylum-Seekers,UNHCR,2020-08-31,0
Somalia,SOM,Djibouti,DJI,Refugees,UNHCR,2020-08-31,0
Somalia,SOM,Egypt,EGY,Refugees,UNHCR,2019-01-31,0
Somalia,SOM,Eritrea,ERI,Refugees,UNHCR,2020-08-31,0
Somalia,SOM,Eritrea,ERI,Asylum-Seekers,UNHCR,2020-08-31,0
Somalia,SOM,Ethiopia,ETH,Asylum-Seekers,UNHCR,2020-08-31,0
Somalia,SOM,Iraq,IRQ,Refugees,UNHCR,2020-08-31,0
Somalia,SOM,Iraq,IRQ,Asylum-Seekers,UNHCR,2020-08-31,0
Somalia,SOM,Jordan,JOR,Asylum-Seekers,UNHCR,2020-08-31,0
Somalia,SOM,Kenya,KEN,Asylum-Seekers,UNHCR,2020-08-31,0
Somalia,SOM,Mozambique,MOZ,Asylum-Seekers,UNHCR,2020-08-31,0
Somalia,SOM,Nigeria,NGA,Asylum-Seekers,UNHCR,2020-08-31,0
Somalia,SOM,Pakistan,PAK,Asylum-Seekers,UNHCR,2020-08-31,0
Somalia,SOM,Somalia,SOM,Asylum-Seekers,UNHCR,2019-01-31,0
Somalia,SOM,State of Palestine,PSE,Asylum-Seekers,UNHCR,2020-08-31,0
Somalia,SOM,State of Palestine,PSE,Refugees,UNHCR,2020-08-31,0
Somalia,SOM,Sudan,SDN,Refugees,UNHCR,2020-08-31,0
Somalia,SOM,Sudan,SDN,Asylum-Seekers,UNHCR,2020-08-31,0
Somalia,SOM,Syrian Arab Rep.,SYR,Refugees,UNHCR,2020-08-31,0
Somalia,SOM,Syrian Arab Rep.,SYR,Asylum-Seekers,UNHCR,2020-08-31,0
Somalia,SOM,Turkey,TUR,Refugees,UNHCR,2020-08-31,0
Somalia,SOM,Uganda,UGA,Refugees,UNHCR,2019-01-31,0
Somalia,SOM,Uganda,UGA,Asylum-Seekers,UNHCR,2019-01-31,0
Somalia,SOM,United Arab Emirates,ARE,Asylum-Seekers,UNHCR,2020-08-31,0
Somalia,SOM,United Rep. of Tanzania,TZA,Asylum-Seekers,UNHCR,2020-08-31,0
Somalia,SOM,United Rep. of Tanzania,TZA,Refugees,UNHCR,2020-08-31,0
Somalia,SOM,United States of America,USA,Asylum-Seekers,UNHCR,2020-08-31,0
Somalia,SOM,United States of America,USA,Refugees,UNHCR,2020-08-31,0
Somalia,SOM,Yemen,YEM,Refugees,UNHCR,2020-08-31,0
Somalia,SOM,Yemen,YEM,Asylum-Seekers,UNHCR,2020-08-31,0
South Sudan,SSD,Burundi,BDI,Refugees,"UNHCR, Government",2024-06-30,578
South Sudan,SSD,Burundi,BDI,Refugees,"UNHCR, Government",2024-07-31,589
South Sudan,SSD,Central African Rep.,CAF,Refugees,"UNHCR, Government",2024-02-29,2486
South Sudan,SSD,Dem. Rep. of the Congo,COD,Refugees,"UNHCR, Government",2024-06-30,13852
South Sudan,SSD,Dem. Rep. of the Congo,COD,Refugees,"UNHCR, Government",2024-07-31,13906
South Sudan,SSD,Eritrea,ERI,Asylum-Seekers,"UNHCR, Government",2024-06-30,2627
South Sudan,SSD,Eritrea,ERI,Asylum-Seekers,"UNHCR, Government",2024-07-31,2719
South Sudan,SSD,Ethiopia,ETH,Refugees,"UNHCR, Government",2024-06-30,5387
South Sudan,SSD,Ethiopia,ETH,Refugees,"UNHCR, Government",2024-07-31,5476
South Sudan,SSD,Others,,Asylum-Seekers,"UNHCR, Government",2024-06-30,43
South Sudan,SSD,Others,,Asylum-Seekers,"UNHCR, Government",2024-07-31,50
South Sudan,SSD,Somalia,SOM,Asylum-Seekers,"UNHCR, Government",2024-06-30,29
South Sudan,SSD,Somalia,SOM,Asylum-Seekers,"UNHCR, Government",2024-07-31,27
South Sudan,SSD,Somalia,SOM,Refugees,"UNHCR, Government",2024-07-31,27
South Sudan,SSD,South Sudan,SSD,Asylum-Seekers,"UNHCR, Government",2024-02-14,0
South Sudan,SSD,Sudan,SDN,Refugees,"UNHCR, Government",2024-07-07,770847
South Sudan,SSD,Sudan,SDN,Refugees,"UNHCR, Government",2024-07-14,774664
South Sudan,SSD,Sudan,SDN,Refugees,"UNHCR, Government",2024-07-21,777160
South Sudan,SSD,Sudan,SDN,Refugees,"UNHCR, Government",2024-07-28,778811
South Sudan,SSD,Sudan,SDN,Refugees,"UNHCR, Government",2024-08-04,780795
South Sudan,SSD,Sudan,SDN,Refugees,"UNHCR, Government",2024-08-04,795362
South Sudan,SSD,Sudan,SDN,Refugees,"UNHCR, Government",2024-08-04,827726
South Sudan,SSD,Sudan,SDN,Refugees,"UNHCR, Government",2024-08-11,830161
South Sudan,SSD,Sudan,SDN,Refugees,"UNHCR, Government",2024-08-11,661600
South Sudan,SSD,Sudan,SDN,Refugees,"UNHCR, Government",2024-08-18,662670
South Sudan,SSD,Sudan,SDN,Refugees,"UNHCR, Government",2024-08-25,664422
South Sudan,SSD,Sudan,SDN,Refugees,"UNHCR, Government",2024-09-01,665726
South Sudan,SSD,Sudan,SDN,Refugees,"UNHCR, Government",2024-09-08,667412
South Sudan,SSD,Various,,Asylum-Seekers,"UNHCR, Government",2024-06-30,5536
South Sudan,SSD,Various,,Asylum-Seekers,"UNHCR, Government",2024-07-31,5620
Chad,TCD,Cameroon,CMR,Refugees,"UNHCR, Government",2024-06-30,13024
Chad,TCD,Cameroon,CMR,Refugees,"UNHCR, Government",2024-07-31,12148
Chad,TCD,Cameroon,CMR,Refugees,"UNHCR, Government",2024-08-31,11350
Chad,TCD,Central African Rep.,CAF,Refugees,"UNHCR, Government",2024-06-30,136249
Chad,TCD,Central African Rep.,CAF,Refugees,"UNHCR, Government",2024-07-31,137405
Chad,TCD,Central African Rep.,CAF,Refugees,"UNHCR, Government",2024-08-31,138225
Chad,TCD,Dem. Rep. of the Congo,COD,Refugees,"UNHCR, Government",2024-06-30,274
Chad,TCD,Dem. Rep. of the Congo,COD,Refugees,"UNHCR, Government",2024-07-31,274
Chad,TCD,Dem. Rep. of the Congo,COD,Refugees,"UNHCR, Government",2024-08-31,276
Chad,TCD,Nigeria,NGA,Refugees,"UNHCR, Government",2024-06-30,21427
Chad,TCD,Nigeria,NGA,Refugees,"UNHCR, Government",2024-07-31,21488
Chad,TCD,Nigeria,NGA,Refugees,"UNHCR, Government",2024-08-31,21509
Chad,TCD,Sudan,SDN,Refugees,"UNHCR, Government",2024-06-30,1789228
Chad,TCD,Sudan,SDN,Refugees,"UNHCR, Government",2024-07-12,1795143
Chad,TCD,Sudan,SDN,Refugees,"UNHCR, Government",2024-07-19,1800353
Chad,TCD,Sudan,SDN,Refugees,"UNHCR, Government",2024-07-26,1801166
Chad,TCD,Sudan,SDN,Refugees,"UNHCR, Government",2024-07-26,1079711
Chad,TCD,Sudan,SDN,Refugees,"UNHCR, Government",2024-08-02,1080284
Chad,TCD,Sudan,SDN,Refugees,"UNHCR, Government",2024-08-02,1036444
Chad,TCD,Sudan,SDN,Refugees,"UNHCR, Government",2024-08-02,1666011
Chad,TCD,Sudan,SDN,Refugees,"UNHCR, Government",2024-08-19,1039099
Chad,TCD,Sudan,SDN,Refugees,"UNHCR, Government",2024-08-25,1040787
Chad,TCD,Sudan,SDN,Refugees,"UNHCR, Government",2024-08-31,1043143
Chad,TCD,Sudan,SDN,Refugees,"UNHCR, Government",2024-08-31,1029459
Chad,TCD,Sudan,SDN,Refugees,"UNHCR, Government",2024-09-08,1033829
Chad,TCD,Various,,Refugees,"UNHCR, Government",2024-06-30,12572
Chad,TCD,Various,,Asylum-Seekers,"UNHCR, Government",2024-06-30,12572
Chad,TCD,Various,,Asylum-Seekers,"UNHCR, Government",2024-07-31,11429
Chad,TCD,Various,,Refugees,"UNHCR, Government",2024-07-31,11429
Chad,TCD,Various,,Asylum-Seekers,"UNHCR, Government",2024-08-31,10800
Togo,TGO,Burkina Faso,BFA,Refugees,"Government, UNHCR",2024-05-31,19550
Togo,TGO,Burkina Faso,BFA,Refugees,"Government, UNHCR",2024-07-31,20084
Togo,TGO,Central African Rep.,CAF,Refugees,"Government, UNHCR",2024-05-31,127
Togo,TGO,Central African Rep.,CAF,Refugees,"Government, UNHCR",2024-07-31,128
Togo,TGO,Côte d'Ivoire,CIV,Refugees,"Government, UNHCR",2024-05-31,36
Togo,TGO,Côte d'Ivoire,CIV,Refugees,"Government, UNHCR",2024-07-31,36
Togo,TGO,Dem. Rep. of the Congo,COD,Refugees,"Government, UNHCR",2024-05-31,65
Togo,TGO,Dem. Rep. of the Congo,COD,Refugees,"Government, UNHCR",2024-07-31,65
Togo,TGO,Ghana,GHA,Refugees,"Government, UNHCR",2024-05-31,8437
Togo,TGO,Ghana,GHA,Refugees,"Government, UNHCR",2024-07-31,8437
Togo,TGO,Mali,MLI,Refugees,"Government, UNHCR",2024-05-31,73
Togo,TGO,Mali,MLI,Refugees,"Government, UNHCR",2024-07-31,73
Togo,TGO,Rwanda,RWA,Refugees,"Government, UNHCR",2024-05-31,98
Togo,TGO,Rwanda,RWA,Refugees,"Government, UNHCR",2024-07-31,98
Togo,TGO,Various,,Refugees,"Government, UNHCR",2024-05-31,19629
Togo,TGO,Various,,Refugees,"Government, UNHCR",2024-07-31,14990
Tanzania (United Republic of),TZA,Burundi,BDI,Refugees,"UNHCR, Government",2024-06-30,108161
Tanzania (United Republic of),TZA,Burundi,BDI,Refugees,"UNHCR, Government",2024-07-31,105956
Tanzania (United Republic of),TZA,Burundi,BDI,Refugees,"UNHCR, Government",2024-08-31,104765
Tanzania (United Republic of),TZA,Dem. Rep. of the Congo,COD,Refugees,"UNHCR, Government",2024-06-30,87415
Tanzania (United Republic of),TZA,Dem. Rep. of the Congo,COD,Refugees,"UNHCR, Government",2024-07-31,87301
Tanzania (United Republic of),TZA,Dem. Rep. of the Congo,COD,Asylum-Seekers,"UNHCR, Government",2024-08-31,87440
Tanzania (United Republic of),TZA,Kenya,KEN,Refugees,"UNHCR, Government",2019-07-31,0
Tanzania (United Republic of),TZA,Others,,Refugees,"UNHCR, Government",2024-06-30,605
Tanzania (United Republic of),TZA,Others,,Refugees,"UNHCR, Government",2024-07-31,615
Tanzania (United Republic of),TZA,Others,,Refugees,"UNHCR, Government",2024-08-31,628
Tanzania (United Republic of),TZA,Rwanda,RWA,Asylum-Seekers,"UNHCR, Government",2019-07-31,0
Tanzania (United Republic of),TZA,Somalia,SOM,Refugees,"UNHCR, Government",2018-04-30,0
Tanzania (United Republic of),TZA,Sudan,SDN,Refugees,"UNHCR, Government",2019-07-31,0
Tanzania (United Republic of),TZA,Uganda,UGA,Asylum-Seekers,"UNHCR, Government",2019-07-31,0
Uganda,UGA,Burundi,BDI,Refugees,"Office of the Prime Minister, UNHCR, Government",2024-06-30,43533
Uganda,UGA,Burundi,BDI,Refugees,"Office of the Prime Minister, UNHCR, Government",2024-07-31,43826
Uganda,UGA,Burundi,BDI,Asylum-Seekers,"Office of the Prime Minister, UNHCR, Government",2024-07-31,43826
Uganda,UGA,Burundi,BDI,Refugees,"Office of the Prime Minister, UNHCR, Government",2024-08-31,43172
Uganda,UGA,Dem. Rep. of the Congo,COD,Asylum-Seekers,"Office of the Prime Minister, UNHCR, Government",2024-06-30,526062
Uganda,UGA,Dem. Rep. of the Congo,COD,Refugees,"Office of the Prime Minister, UNHCR, Government",2024-06-30,526062
Uganda,UGA,Dem. Rep. of the Congo,COD,Refugees,"Office of the Prime Minister, UNHCR, Government",2024-07-31,531340
Uganda,UGA,Dem. Rep. of the Congo,COD,Asylum-Seekers,"Office of the Prime Minister, UNHCR, Government",2024-07-31,531340
Uganda,UGA,Dem. Rep. of the Congo,COD,Refugees,"Office of the Prime Minister, UNHCR, Government",2024-08-31,538138
Uganda,UGA,Dem. Rep. of the Congo,COD,Asylum-Seekers,"Office of the Prime Minister, UNHCR, Government",2024-08-31,538138
Uganda,UGA,Eritrea,ERI,Asylum-Seekers,"Office of the Prime Minister, UNHCR, Government",2024-06-30,51882
Uganda,UGA,Eritrea,ERI,Asylum-Seekers,"Office of the Prime Minister, UNHCR, Government",2024-07-31,53517
Uganda,UGA,Eritrea,ERI,Refugees,"Office of the Prime Minister, UNHCR, Government",2024-07-31,53517
Uganda,UGA,Eritrea,ERI,Asylum-Seekers,"Office of the Prime Minister, UNHCR, Government",2024-08-31,55028
Uganda,UGA,Ethiopia,ETH,Asylum-Seekers,"Office of the Prime Minister, UNHCR, Government",2024-06-30,13035
Uganda,UGA,Ethiopia,ETH,Refugees,"Office of the Prime Minister, UNHCR, Government",2024-06-30,13035
Uganda,UGA,Ethiopia,ETH,Refugees,"Office of the Prime Minister, UNHCR, Government",2024-07-31,13491
Uganda,UGA,Ethiopia,ETH,Asylum-Seekers,"Office of the Prime Minister, UNHCR, Government",2024-07-31,13491
Uganda,UGA,Ethiopia,ETH,Asylum-Seekers,"Office of the Prime Minister, UNHCR, Government",2024-08-31,13933
Uganda,UGA,Ethiopia,ETH,Refugees,"Office of the Prime Minister, UNHCR, Government",2024-08-31,13933
Uganda,UGA,Others,,Refugees,"Office of the Prime Minister, UNHCR, Government",2024-06-30,1499
Uganda,UGA,Others,,Asylum-Seekers,"Office of the Prime Minister, UNHCR, Government",2024-06-30,1499
Uganda,UGA,Others,,Asylum-Seekers,"Office of the Prime Minister, UNHCR, Government",2024-07-31,1518
Uganda,UGA,Others,,Refugees,"Office of the Prime Minister, UNHCR, Government",2024-07-31,1518
Uganda,UGA,Others,,Refugees,"Office of the Prime Minister, UNHCR, Government",2024-08-31,1561
Uganda,UGA,Others,,Asylum-Seekers,"Office of the Prime Minister, UNHCR, Government",2024-08-31,1561
Uganda,UGA,Rwanda,RWA,Refugees,"Office of the Prime Minister, UNHCR, Government",2024-06-30,24592
Uganda,UGA,Rwanda,RWA,Asylum-Seekers,"Office of the Prime Minister, UNHCR, Government",2024-06-30,24592
Uganda,UGA,Rwanda,RWA,Refugees,"Office of the Prime Minister, UNHCR, Government",2024-07-31,24634
Uganda,UGA,Rwanda,RWA,Asylum-Seekers,"Office of the Prime Minister, UNHCR, Government",2024-07-31,24634
Uganda,UGA,Rwanda,RWA,Refugees,"Office of the Prime Minister, UNHCR, Government",2024-08-31,24623
Uganda,UGA,Somalia,SOM,Refugees,"Office of the Prime Minister, UNHCR, Government",2024-06-30,51350
Uganda,UGA,Somalia,SOM,Refugees,"Office of the Prime Minister, UNHCR, Government",2024-07-31,51248
Uganda,UGA,Somalia,SOM,Asylum-Seekers,"Office of the Prime Minister, UNHCR, Government",2024-07-31,51248
Uganda,UGA,Somalia,SOM,Refugees,"Office of the Prime Minister, UNHCR, Government",2024-08-31,51230
Uganda,UGA,South Sudan,SSD,Refugees,"Office of the Prime Minister, UNHCR, Government",2024-06-30,948191
Uganda,UGA,South Sudan,SSD,Refugees,"Office of the Prime Minister, UNHCR, Government",2024-07-31,953536
Uganda,UGA,South Sudan,SSD,Asylum-Seekers,"Office of the Prime Minister, UNHCR, Government",2024-07-31,953536
Uganda,UGA,South Sudan,SSD,Refugees,"Office of the Prime Minister, UNHCR, Government",2024-08-31,959303
Uganda,UGA,South Sudan,SSD,Asylum-Seekers,"Office of the Prime Minister, UNHCR, Government",2024-08-31,959303
Uganda,UGA,Sudan,SDN,Asylum-Seekers,"Office of the Prime Minister, UNHCR, Government",2024-07-07,85451
Uganda,UGA,Sudan,SDN,Asylum-Seekers,"Office of the Prime Minister, UNHCR, Government",2024-07-12,87378
Uganda,UGA,Sudan,SDN,Asylum-Seekers,"Office of the Prime Minister, UNHCR, Government",2024-07-19,89907
Uganda,UGA,Sudan,SDN,Asylum-Seekers,"Office of the Prime Minister, UNHCR, Government",2024-07-26,90542
Uganda,UGA,Sudan,SDN,Asylum-Seekers,"Office of the Prime Minister, UNHCR, Government",2024-08-02,91634
Uganda,UGA,Sudan,SDN,Asylum-Seekers,"Office of the Prime Minister, UNHCR, Government",2024-08-02,98768
Uganda,UGA,Sudan,SDN,Refugees,"Office of the Prime Minister, UNHCR, Government",2024-08-02,136646
Uganda,UGA,Sudan,SDN,Asylum-Seekers,"Office of the Prime Minister, UNHCR, Government",2024-08-10,100223
Uganda,UGA,Sudan,SDN,Asylum-Seekers,"Office of the Prime Minister, UNHCR, Government",2024-08-16,101225
Uganda,UGA,Sudan,SDN,Refugees,"Office of the Prime Minister, UNHCR, Government",2024-08-16,101225
Uganda,UGA,Sudan,SDN,Asylum-Seekers,"Office of the Prime Minister, UNHCR, Government",2024-08-25,102436
Uganda,UGA,Sudan,SDN,Asylum-Seekers,"Office of the Prime Minister, UNHCR, Government",2024-08-31,103611
Uganda,UGA,Sudan,SDN,Asylum-Seekers,"Office of the Prime Minister, UNHCR, Government",2024-08-31,108687
Uganda,UGA,Sudan,SDN,Asylum-Seekers,"Office of the Prime Minister, UNHCR, Government",2024-09-08,109499
Zambia,ZMB,Burundi,BDI,Refugees,"UNHCR, Government",2024-06-30,13057
Zambia,ZMB,Burundi,BDI,Refugees,"UNHCR, Government",2024-07-31,13396
Zambia,ZMB,Dem. Rep. of the Congo,COD,Refugees,"UNHCR, Government",2024-06-30,65152
Zambia,ZMB,Dem. Rep. of the Congo,COD,Refugees,"UNHCR, Government",2024-07-31,65956
Zambia,ZMB,Others,,Refugees,"UNHCR, Government",2024-06-30,1218
Zambia,ZMB,Others,,Refugees,"UNHCR, Government",2024-07-31,1273
Zambia,ZMB,Rwanda,RWA,Refugees,"UNHCR, Government",2024-06-30,949
Zambia,ZMB,Rwanda,RWA,Asylum-Seekers,"UNHCR, Government",2024-07-31,953
Zambia,ZMB,Somalia,SOM,Asylum-Seekers,"UNHCR, Government",2024-06-30,4612
Zambia,ZMB,Somalia,SOM,Asylum-Seekers,"UNHCR, Government",2024-07-31,4729
Zimbabwe,ZWE,Burundi,BDI,Asylum-Seekers,"UNHCR, Government",2024-05-31,790
Zimbabwe,ZWE,Burundi,BDI,Asylum-Seekers,"UNHCR, Government",2024-06-30,780
Zimbabwe,ZWE,Mozambique,MOZ,Asylum-Seekers,"UNHCR, Government",2024-05-31,8401
Zimbabwe,ZWE,Mozambique,MOZ,Asylum-Seekers,"UNHCR, Government",2024-06-30,8405
Zimbabwe,ZWE,Others,,Refugees,"UNHCR, Government",2024-05-31,12461
Zimbabwe,ZWE,Others,,Refugees,"UNHCR, Government",2024-06-30,12468
Zimbabwe,ZWE,Rwanda,RWA,Asylum-Seekers,"UNHCR, Government",2024-05-31,662
Zimbabwe,ZWE,Rwanda,RWA,Asylum-Seekers,"UNHCR, Government",2024-06-30,660
